Slot,StrongSeed,WeakSeed
R1W1,W01,W16
R1W2,W02,W15
R1W3,W03,W14
R1W4,W04,W13
R1W5,W05,W12
R1W6,W06,W11
R1W7,W07,W10
R1W8,W08,W09
R1X1,X01,X16
R1X2,X02,X15
R1X3,X03,X14
R1X4,X04,X13
R1X5,X05,X12
R1X6,X06,X11
R1X7,X07,X10
R1X8,X08,X09
R1Y1,Y01,Y16
R1Y2,Y02,Y15
R1Y3,Y03,Y14
R1Y4,Y04,Y13
R1Y5,Y05,Y12
R1Y6,Y06,Y11
R1Y7,Y07,Y10
R1Y8,Y08,Y09
R1Z1,Z01,Z16
R1Z2,Z02,Z15
R1Z3,Z03,Z14
R1Z4,Z04,Z13
R1Z5,Z05,Z12
R1Z6,Z06,Z11
R1Z7,Z07,Z10
R1Z8,Z08,Z09
R2W1,R1W1,R1W8
R2W2,R1W2,R1W7
R2W3,R1W3,R1W6
R2W4,R1W4,R1W5
R2X1,R1X1,R1X8
R2X2,R1X2,R1X7
R2X3,R1X3,R1X6
R2X4,R1X4,R1X5
R2Y1,R1Y1,R1Y8
R2Y2,R1Y2,R1Y7
R2Y3,R1Y3,R1Y6
R2Y4,R1Y4,R1Y5
R2Z1,R1Z1,R1Z8
R2Z2,R1Z2,R1Z7
R2Z3,R1Z3,R1Z6
R2Z4,R1Z4,R1Z5
R3W1,R2W1,R2W4
R3W2,R2W2,R2W3
R3X1,R2X1,R2X4
R3X2,R2X2,R2X3
R3Y1,R2Y1,R2Y4
R3Y2,R2Y2,R2Y3
R3Z1,R2Z1,R2Z4
R3Z2,R2Z2,R2Z3
R4W1,R3W1,R3W2
R4X1,R3X1,R3X2
R4Y1,R3Y1,R3Y2
R4Z1,R3Z1,R3Z2
R5WX,R4W1,R4X1
R5YZ,R4Y1,R4Z1
R6CH,R5WX,R5YZ
